{"crc":"B6AB","record":{"timeStamp":"2019-05-13T13:22:03","deviceMetricList":[{"resourceType":"DeviceMetric","identifier":"main_phase_act","value":"1","type":"Actual main phase","source":{"resourceType":"Device","patient":"AFFFC000050","name":"d00154","url":"192.168.1.102"}},{"resourceType":"DeviceMetric","identifier":"conc_source_des","value":"0","type":"Selected concentrate source","source":{"resourceType":"Device","patient":"AFFFC000050","name":"d00154","url":"192.168.1.102"}},{"resourceType":"DeviceMetric","identifier":"bs_subphase_act","value":"0","type":"Blood side sub phase","source":{"resourceType":"Device","patient":"AFFFC000050","name":"d00154","url":"192.168.1.102"}},{"resourceType":"DeviceMetric","identifier":"bs_sub_subphase_act","value":"1","type":"Blood side sub sub phase","source":{"resourceType":"Device","patient":"AFFFC000050","name":"d00154","url":"192.168.1.102"}}]}}